-- Projeto Final - DML

-- Adição de dados

-- Pessoa
insert into tb_Pessoa (nome, dataNasc, endereco, numero, bairro, cidade, estado, cep,
	telefone, celular, sexo, estadoCivil, rg, cpf, email, tipoPessoa)
	values ('André', '01/01/1990', 'Rua Logo Ali', 1000, 'Pq. Josias', 'Sorocaba', 'São Paulo', '18070300',
			'1532267789', '15981556423', 'M', 'Casado', '38502892x', '93868669000', 'andre@gmail.com', 'Aluno');
			
insert into tb_Pessoa (nome, dataNasc, endereco, numero, bairro, cidade, estado, cep,
	telefone, celular, sexo, estadoCivil, rg, cpf, email, tipoPessoa)
	values ('Amanda', '03/06/1995', 'Rua Logo Lá', 1012, 'Vitória Grande', 'Itu', 'São Paulo', '12070421',
			'1535567568', '15981236492', 'F', 'Solteiro', '385068467', '26488647251', 'amanda@gmail.com', 'Aluno');
						
insert into tb_Pessoa (nome, dataNasc, endereco, numero, bairro, cidade, estado, cep,
	telefone, celular, sexo, estadoCivil, rg, cpf, email, tipoPessoa)
	values ('Bárbara', '20/12/1997', 'Rua da Padoca', 3544, 'Pq. Manuel', 'Sorocaba', 'São Paulo', '23574688',
			'1534588657', '15981458635', 'F', 'Casado', '524953642', '08256017031', 'barbi@gmail.com', 'Aluno');
			
insert into tb_Pessoa (nome, dataNasc, endereco, numero, bairro, cidade, estado, cep,
	telefone, celular, sexo, estadoCivil, rg, cpf, email, tipoPessoa)
	values ('Carlos', '24/04/2000', 'Rua Aviadores', 500, 'Vila Santos', 'Barra Velha', 'Santa Catarina', '16875244',
			'1534685662', '15981452278', 'M', 'Solteiro', '547562176', '95406311069', 'carlos@gmail.com', 'Aluno');

insert into tb_Pessoa (nome, dataNasc, endereco, numero, bairro, cidade, estado, cep,
	telefone, celular, sexo, estadoCivil, rg, cpf, email, tipoPessoa)
	values ('Pedro', '12/07/1993', 'Rua Somida', 667, 'Vossoroca', 'Votorantim', 'São Paulo', '18465264',
			'1534452282', '1598156442', 'M', 'Casado', '582504687', '41087360013', 'pedro@gmail.com', 'Aluno');

insert into tb_Pessoa (nome, dataNasc, endereco, numero, bairro, cidade, estado, cep,
	telefone, celular, sexo, estadoCivil, rg, cpf, email, tipoPessoa)
	values ('Caio', '05/03/1996', 'Rua Mário Scarvance', 903, 'Pq. Espanhol', 'Vargem Grande', 'São Paulo', '16730970',
			'1141581159', '11954326985', 'M', 'Solteiro', '432490449', '97441785073', 'caio@gmail.com', 'Aluno');
			
insert into tb_Pessoa (nome, dataNasc, endereco, numero, bairro, cidade, estado, cep,
	telefone, celular, sexo, estadoCivil, rg, cpf, email, tipoPessoa)
	values ('Manuela', '01/07/1992', 'Rua Savatina Soares', 1000, 'Vila Rica', 'Cotia', 'São Paulo', '13702157',
			'1133475125', '11945123795', 'F', 'Solteiro', '467302789', '61366991095', 'manu@gmail.com', 'Aluno');
						
insert into tb_Pessoa (nome, dataNasc, endereco, numero, bairro, cidade, estado, cep,
	telefone, celular, sexo, estadoCivil, rg, cpf, email, tipoPessoa)
	values ('Jéssica', '15/05/1998', 'Rua Caviúna', 1235, 'Balneáreo', 'São Roque', 'São Paulo', '18143453',
			'1526721534', '15973965482', 'F', 'Casado', '433839193', '18855902024', 'jees@gmail.com', 'Aluno');
			
insert into tb_Pessoa (nome, dataNasc, endereco, numero, bairro, cidade, estado, cep,
	telefone, celular, sexo, estadoCivil, rg, cpf, email, tipoPessoa)
	values ('Alfredo', '10/11/2001', 'Rua Lauro Schroeder', 250, 'Vila Verde', 'Joinville', 'Santa Catarina', '89226440',
			'4825167613', '48913452896', 'M', 'Solteiro', '360353162', '72923042069', 'alfredo@gmail.com', 'Aluno');

insert into tb_Pessoa (nome, dataNasc, endereco, numero, bairro, cidade, estado, cep,
	telefone, celular, sexo, estadoCivil, rg, cpf, email, tipoPessoa)
	values ('Matheus', '07/05/1990', 'Rua Amazonas', 120, 'Búzios', 'Ibiúna', 'São Paulo', '18150971',
			'1154231194', '11972589631', 'M', 'Casado', '282484383', '21238356095', 'maths@gmail.com', 'Aluno');
			
insert into tb_Pessoa (nome, dataNasc, endereco, numero, bairro, cidade, estado, cep,
	telefone, celular, sexo, estadoCivil, rg, cpf, email, tipoPessoa)
	values ('César', '05/05/1970', 'Rua Rica', 1042, 'Vila Milho', 'Sorocaba', 'São Paulo', '18075411',
			'1532087414', '15981564223', 'M', 'Casado', '635225944', '87174013058', 'cesar@prof.com', 'Instrutor');

insert into tb_Pessoa (nome, dataNasc, endereco, numero, bairro, cidade, estado, cep,
	telefone, celular, sexo, estadoCivil, rg, cpf, email, tipoPessoa)
	values ('Ana', '13/02/1985', 'Rua Lindeza', 1618, 'Pq. Inglês', 'Sorocaba', 'São Paulo', '31415300',
			'1532254458', '15981415541', 'F', 'Casado', '355242168', '95156074006', 'ana@prof.com', 'Instrutor');
			
insert into tb_Pessoa (nome, dataNasc, endereco, numero, bairro, cidade, estado, cep,
	telefone, celular, sexo, estadoCivil, rg, cpf, email, tipoPessoa)
	values ('Paula', '03/11/1978', 'Rua Silva', 2015, 'Pq. Francês', 'Votorantim', 'São Paulo', '3540266',
			'1535541458', '15981546285', 'F', 'Solteiro', '325654575', '37767807037', 'paula@prof.com', 'Instrutor');
			
insert into tb_Pessoa (nome, dataNasc, endereco, numero, bairro, cidade, estado, cep,
	telefone, celular, sexo, estadoCivil, rg, cpf, email, tipoPessoa)
	values ('Joana', '05/06/1949', 'Rua Antiga', 1500, 'Azilos', 'Erval Velho', 'Santa Catarina', '14056012',
			'1532244852', '15997453456', 'F', 'Casado', '235685472', '65590711037', 'joana@prof.com', 'Instrutor');

insert into tb_Pessoa (nome, dataNasc, endereco, numero, bairro, cidade, estado, cep,
	telefone, celular, sexo, estadoCivil, rg, cpf, email, tipoPessoa)
	values ('Jean', '17/01/1986', 'Rua Nova', 1999, 'New Casttle', 'Sorocaba', 'São Paulo', '15203455',
			'1537744265', '15981548574', 'M', 'Solteiro', '328656815', '49256450054', 'jean@prof.com', 'Instrutor');

insert into tb_Pessoa (nome, dataNasc, endereco, numero, bairro, cidade, estado, cep,
	telefone, celular, sexo, estadoCivil, rg, cpf, email, tipoPessoa)
	values ('Alex Barros', '31/10/1998', 'Rua Pilar', 195, 'New Pilares', 'Pilar', 'São Paulo', '18185000',
			'1532784065', '15981548574', 'M', 'Solteiro', '328656815', '91359722033', 'alexbarros@prof.com', 'Instrutor');

-- Instrutor
insert into tb_Instrutor (cpf, formacao, areaAtuacao)
	values ('87174013058', 'Universidade Chigago', 'Programação');
			
insert into tb_Instrutor (cpf, formacao, areaAtuacao)
	values ('95156074006', 'Universidade Austria', 'Matemática');
	
insert into tb_Instrutor (cpf, formacao, areaAtuacao)
	values ('37767807037', 'Universidade Atlanta', 'Filosofia');
	
insert into tb_Instrutor (cpf, formacao, areaAtuacao)
	values ('65590711037', 'Universidade Grécia', 'História');
	
insert into tb_Instrutor (cpf, formacao, areaAtuacao)
	values ('49256450054', 'Universidade Roma', 'Química');

insert into tb_Instrutor (cpf, formacao, areaAtuacao)
	values ('91359722033', 'Universidade Pilar', 'Capinagem');	
	
-- Aluno
insert into tb_Aluno (cpf, escolaridade)
	values ('93868669000', 'Ensino Médio');
	
insert into tb_Aluno (cpf, escolaridade)
	values ('26488647251', 'Ensino Técnico');
	
insert into tb_Aluno (cpf, escolaridade)
	values ('08256017031', 'Ensino Superior');
	
insert into tb_Aluno (cpf, escolaridade)
	values ('95406311069', 'Ensino Técnico');
	
insert into tb_Aluno (cpf, escolaridade)
	values ('41087360013', 'Ensino Médio');
	
insert into tb_Aluno (cpf, escolaridade)
	values ('97441785073', 'Ensino Técnico');
	
insert into tb_Aluno (cpf, escolaridade)
	values ('61366991095', 'Ensino Técnico');
	
insert into tb_Aluno (cpf, escolaridade)
	values ('18855902024', 'Ensino Superior');
	
insert into tb_Aluno (cpf, escolaridade)
	values ('72923042069', 'Ensino Médio');
	
insert into tb_Aluno (cpf, escolaridade)
	values ('21238356095', 'Ensino Superior');
	
-- Curso
insert into tb_Curso (siglaCurso, nome, cargaHoraria, valor, dtVigencia, valorHoraInstrutor, programa)
	values ('COMP', 'Computação', 3600, 50000.00, '01/01/2000', 100, 'Príncipios da computação');
	
insert into tb_Curso (siglaCurso, nome, cargaHoraria, valor, dtVigencia, valorHoraInstrutor, programa)
	values ('BMED', 'Biomedicina', 4500, 80000.00, '10/05/2005', 180, 'Príncipios da biomedicina');
	
insert into tb_Curso (siglaCurso, nome, cargaHoraria, valor, dtVigencia, valorHoraInstrutor, programa)
	values ('FILO', 'Filosofia', 2000, 15000.00, '04/12/2007', 75, 'Pensamento filosófico');
	
insert into tb_Curso (siglaCurso, nome, cargaHoraria, valor, dtVigencia, valorHoraInstrutor, programa)
	values ('MECA', 'Mecanica', 3000, 30000.00, '01/01/2020', 90, 'Príncipios da mecânica');
	
insert into tb_Curso (siglaCurso, nome, cargaHoraria, valor, dtVigencia, valorHoraInstrutor, programa)
	values ('EDFI', 'Educação Física', 2000, 25000.00, '01/08/2019', 80, 'Príncipios da educação física');
	
-- Turma
insert into tb_Turma (siglaTurma, descricao, dtInicio, dtTermino, periodo, qtdeVagas, observacoes, cpfInstrutor, siglaCurso)
	values ('CPD1', 'Computação Diurno 1', '01/03/2017', '15/12/2019', 'Diurno', 40, 'Turma 1 de computação diurno', '87174013058', 'COMP');
	
insert into tb_Turma (siglaTurma, descricao, dtInicio, dtTermino, periodo, qtdeVagas, observacoes, cpfInstrutor, siglaCurso)
	values ('CPN1', 'Computação Noturno 1', '01/03/2017', '15/12/2019', 'Noturno', 40, 'Turma 1 de computação noturno', '87174013058', 'COMP');
	
insert into tb_Turma (siglaTurma, descricao, dtInicio, dtTermino, periodo, qtdeVagas, observacoes, cpfInstrutor, siglaCurso)
	values ('BMI1', 'Biomedicina Integral 1', '01/03/2015', '15/12/2018', 'Integral', 80, 'Turma 1 de biomedicina integral', '49256450054', 'BMED');
	
insert into tb_Turma (siglaTurma, descricao, dtInicio, dtTermino, periodo, qtdeVagas, observacoes, cpfInstrutor, siglaCurso)
	values ('BMD1', 'Biomedicina Diurno 1', '01/03/2015', '15/12/2019', 'Diurno', 80, 'Turma 1 de biomedicina diurno', '95156074006', 'BMED');
	
insert into tb_Turma (siglaTurma, descricao, dtInicio, dtTermino, periodo, qtdeVagas, observacoes, cpfInstrutor, siglaCurso)
	values ('FID1', 'Filosofia Diurno 1', '20/02/2018', '30/11/2017', 'Diurno', 40, 'Turma 1 de filosofia diurno', '65590711037', 'FILO');
	
-- AVista
insert into tb_AVista (cpfMatricula , valor, agencia, nCheque, preDt)
	values (1, 50000.00, 15560, 15560001, '01/03/2017');
	
insert into tb_AVista (cpfMatricula, valor, agencia, nCheque, preDt)
	values (2, 50000.00, 28571, 28571001, '11/05/2017');

insert into tb_AVista (cpfMatricula, valor, agencia, nCheque, preDt)
	values (3, 80000.00, 77545, 77545001, '01/01/2015');

insert into tb_AVista (cpfMatricula, valor, agencia, nCheque, preDt)
	values (4, 15000.00, 65854, 65854001, '20/01/2018');
	
insert into tb_AVista (cpfMatricula, valor, agencia, nCheque, preDt)
	values (5, 80000.00, 65745, 65745001, '30/11/2016');
	
-- APrazo
insert into tb_APrazo (cpfMatricula, valor, dtVencimento, taxaJuros, qtdeMensalidade)
	values (1, 50000.00, '10/03/2017', 8, 24);
	
insert into tb_APrazo (cpfMatricula, valor, dtVencimento, taxaJuros, qtdeMensalidade)
	values (2, 80000.00, '11/03/2015', 10, 12);
	
insert into tb_APrazo (cpfMatricula, valor, dtVencimento, taxaJuros, qtdeMensalidade)
	values (3, 80000.00, '08/03/2015', 11.5, 18);
	
insert into tb_APrazo (cpfMatricula, valor, dtVencimento, taxaJuros, qtdeMensalidade)
	values (4, 15000.00, '10/03/2018', 5, 5);
	
insert into tb_APrazo (cpfMatricula, valor, dtVencimento, taxaJuros, qtdeMensalidade)
	values (5, 15000.00, '28/02/2018', 7, 8);
	
-- Matricula
insert into tb_Matricula (cpf, dtMatricula, nota, siglaTurma, codAvista, codAprazo)
	values ('93868669000', '15/02/2017', 8.00, 'CPD1', 1, null);
	
insert into tb_Matricula (cpf, dtMatricula, nota, siglaTurma, codAvista, codAprazo)
	values ('26488647251', '28/02/2017', 6.00, 'CPN1', 2, null);
	
insert into tb_Matricula (cpf, dtMatricula, nota, siglaTurma, codAvista, codAprazo)
	values ('08256017031', '20/02/2015', 9.00, 'BMI1', 3, null);
	
insert into tb_Matricula (cpf, dtMatricula, nota, siglaTurma, codAvista, codAprazo)
	values ('95406311069', '02/02/2018', 7.50, 'FID1', 4, null);
	
insert into tb_Matricula (cpf, dtMatricula, nota, siglaTurma, codAvista, codAprazo)
	values ('41087360013', '17/02/2015', 7.00, 'BMD1', 5, null);
	
insert into tb_Matricula (cpf, dtMatricula, nota, siglaTurma, codAvista, codAprazo)
	values ('97441785073', '03/02/2017', 5.75, 'CPD1', null, 1);

insert into tb_Matricula (cpf, dtMatricula, nota, siglaTurma, codAvista, codAprazo)
	values ('61366991095', '15/02/2015', 9.50, 'BMI1', null, 2);
	
insert into tb_Matricula (cpf, dtMatricula, nota, siglaTurma, codAvista, codAprazo)
	values ('18855902024', '26/02/2015', 8.00, 'BMD1', null, 3);
	
insert into tb_Matricula (cpf, dtMatricula, nota, siglaTurma, codAvista, codAprazo)
	values ('72923042069', '01/02/2018', 10.00, 'FID1', null, 4);
	
insert into tb_Matricula (cpf, dtMatricula, nota, siglaTurma, codAvista, codAprazo)
	values ('21238356095', '05/02/2018', 6.25, 'FID1', null, 5);